{
  "project_info": {
    "project_number": "273871191069",
    "firebase_url": "https://surfaceview-b1f40.firebaseio.com",
    "project_id": "surfaceview-b1f40",
    "storage_bucket": "surfaceview-b1f40.appspot.com"
  },
  "client": [
    {
      "client_info": {
        "mobilesdk_app_id": "1:273871191069:android:d549dbe9bb934fc7241af4",
        "android_client_info": {
          "package_name": "com.example.surfaceview"
        }
      },
      "oauth_client": [
        {
          "client_id": "273871191069-j8sv52021u9hc5o468h9hfrtl56uiimr.apps.googleusercontent.com",
          "client_type": 3
        }
      ],
      "api_key": [
        {
          "current_key": "AIzaSyAC7xRuT8Fobo3L2-z1T4vPkh8KpJmQ46w"
        }
      ],
      "services": {
        "appinvite_service": {
          "other_platform_oauth_client": [
            {
              "client_id": "273871191069-j8sv52021u9hc5o468h9hfrtl56uiimr.apps.googleusercontent.com",
              "client_type": 3
            }
          ]
        }
      }
    }
  ],
  "configuration_version": "1"
}